idx,feasible,V,rho_mean,ref_obj,model_obj,gap,ref_cost,model_cost,ref_cov,model_cov
22,1,2,1.5,-0.365517,-0.34023,0.025287,159,148,159,148
23,1,2,1.5,-0.4,-0.4,0.0,195,195,195,195
8,1,4,1.625,-0.38011,-0.261878,0.118232,516,422,516,384
9,1,2,2.0,-0.398456,-0.32278,0.075676,258,209,258,209
2,1,4,1.75,-0.373057,-0.260104,0.112953,540,464,540,414
3,1,2,2.5,-0.4,-0.30678,0.09322,236,181,236,181
12,1,2,1.75,-0.341201,-0.291511,0.049689,412,352,412,352
13,1,3,2.333,-0.380977,-0.172365,0.208612,741,533,741,420
16,1,2,2.0,-0.366092,-0.318391,0.047701,336,277,326,277
17,1,3,1.5,-0.377732,-0.367835,0.009897,458,446,458,446
4,1,2,1.5,-0.399175,-0.323299,0.075876,484,392,484,392
5,1,2,2.0,-0.384553,-0.35122,0.033333,473,467,473,447
34,1,3,1.0,0.025424,0.025424,0.0,413,413,162,162
35,1,3,2.333,-0.362679,-0.284211,0.078469,379,318,379,306
0,1,4,1.875,-0.391214,-0.29677,0.094444,757,632,757,599
1,1,2,2.0,-0.4,-0.34653,0.05347,389,337,389,337
6,1,4,1.625,-0.35,-0.204798,0.145202,693,563,693,473
7,1,2,1.5,-0.346863,-0.255535,0.091328,470,383,470,362
10,1,2,1.0,-0.4,-0.4,0.0,296,296,296,296
11,1,4,2.0,-0.358912,-0.196451,0.162461,1150,698,1143,655
14,1,3,1.167,-0.398953,-0.376702,0.022251,381,379,381,368
15,1,4,2.0,-0.390209,-0.212149,0.17806,1076,767,1076,663
20,1,4,1.625,-0.263876,-0.252408,0.011468,787,762,666,641
21,1,4,1.5,-0.306907,-0.279279,0.027628,511,465,511,465
26,1,4,1.625,-0.26627,-0.131151,0.135119,727,712,695,494
27,1,4,2.5,-0.378168,-0.252827,0.125341,513,382,497,349
46,1,3,1.167,-0.4,-0.379009,0.020991,343,332,343,328
47,1,4,1.0,-0.127383,-0.127383,0.0,493,493,301,301
30,1,2,3.0,-0.388623,-0.307186,0.081437,649,513,649,513
31,1,3,1.5,-0.376019,-0.302158,0.073861,392,315,392,315
48,1,3,1.0,-0.077288,-0.077288,0.0,295,295,159,159
49,1,4,1.375,-0.377919,-0.377919,0.0,445,445,445,445
28,1,3,1.833,-0.4,-0.296424,0.103576,783,645,783,608
29,1,3,1.667,-0.349114,-0.256039,0.093076,542,436,542,414
18,1,4,2.0,-0.363717,-0.203208,0.160509,822,629,822,532
19,1,4,2.0,-0.375393,-0.194241,0.181152,717,490,717,422
50,1,3,1.5,-0.27486,-0.256983,0.017877,158,150,138,130
51,1,2,1.25,-0.4,-0.318575,0.081425,393,313,393,313
36,1,4,1.625,-0.366741,-0.259867,0.106874,827,607,827,595
37,1,2,3.0,-0.397895,-0.205614,0.192281,567,293,567,293
32,1,4,2.75,-0.370507,-0.223157,0.14735,804,570,804,521
33,1,3,1.5,-0.357068,-0.350262,0.006806,682,669,682,669
44,1,3,1.5,-0.396721,-0.31082,0.085902,605,474,605,474
45,1,2,1.5,-0.398956,-0.302872,0.096084,382,290,382,290
66,1,3,1.5,-0.334972,-0.222117,0.112854,443,404,443,341
67,1,4,1.0,-0.29485,-0.29485,0.0,466,466,396,396
64,1,2,1.5,-0.393243,-0.308108,0.085135,291,228,291,228
65,1,4,1.625,-0.391304,-0.326501,0.064803,476,403,474,398
58,1,4,2.0,-0.392758,-0.302157,0.090601,646,534,641,509
59,1,2,1.75,-0.360129,-0.255949,0.10418,280,199,280,199
60,1,2,2.0,-0.4,-0.152437,0.247563,513,353,513,263
61,1,2,1.25,-0.4,-0.258929,0.141071,336,256,336,234
52,1,3,2.0,-0.338798,-0.341712,-0.002914,465,469,465,469
53,1,3,2.167,-0.382609,-0.335588,0.047021,594,521,594,521
68,1,4,3.0,-0.395366,-0.267655,0.127711,1070,722,1068,722
69,1,2,2.0,-0.4,-0.096552,0.303448,116,56,116,40
84,1,2,2.0,-0.301724,-0.265517,0.036207,175,154,175,154
85,1,3,1.833,-0.363551,-0.231308,0.132243,198,143,196,132
38,1,2,2.25,-0.399269,-0.334735,0.064534,546,470,546,463
39,1,2,3.0,-0.392285,-0.378042,0.014243,661,637,661,637
42,1,2,2.5,-0.367109,-0.332095,0.035013,346,313,346,313
43,1,4,3.0,-0.392941,-0.292588,0.100353,835,648,835,633
76,1,2,2.0,-0.360185,-0.025,0.335185,106,54,101,27
77,1,4,1.875,-0.395302,-0.292349,0.102953,738,562,737,552
54,1,2,1.75,-0.399136,-0.298056,0.10108,462,345,462,345
55,1,3,1.667,-0.4,-0.179286,0.220714,700,431,700,364
72,1,3,2.333,-0.396634,-0.343899,0.052735,707,613,707,613
73,1,2,2.5,-0.396349,-0.375659,0.02069,492,463,490,463
78,1,3,1.833,-0.398592,-0.323944,0.074648,566,460,566,460
79,1,4,1.625,-0.284663,-0.220859,0.063804,274,222,250,198
40,1,2,1.5,-0.335246,-0.268852,0.066393,409,328,409,328
41,1,3,3.0,-0.398012,-0.355169,0.042843,1001,895,1001,894
92,1,4,1.375,-0.314511,-0.225868,0.088644,300,256,271,212
93,1,2,2.0,-0.379798,-0.258182,0.121616,470,393,470,351
80,1,2,1.5,-0.4,-0.122105,0.277895,380,291,380,191
81,1,2,2.0,-0.39881,-0.13125,0.26756,670,560,670,366
88,1,3,2.0,-0.389414,-0.203153,0.186261,441,243,436,233
89,1,4,1.75,-0.269476,-0.176765,0.092711,343,278,316,230
94,1,2,1.0,-0.4,-0.4,0.0,138,138,138,138
95,1,4,1.5,-0.341553,-0.28554,0.056012,561,469,561,469
74,1,3,1.667,-0.398997,-0.385965,0.013033,398,385,398,385
75,1,2,3.0,-0.39802,-0.323432,0.074587,603,490,603,490
70,1,3,2.0,-0.384227,-0.206585,0.177642,650,486,637,401
71,1,3,2.667,-0.392967,-0.229451,0.163516,894,522,894,522
82,1,2,1.0,-0.4,-0.4,0.0,267,267,267,267
83,1,4,2.0,-0.390274,-0.320162,0.070111,963,790,963,790
90,1,3,2.0,-0.375403,-0.191362,0.184041,641,563,641,428
91,1,2,1.5,-0.392139,-0.257221,0.134918,545,378,540,363
100,1,3,1.667,-0.373991,-0.347085,0.026906,417,408,417,396
101,1,3,1.0,-0.236966,-0.236966,0.0,468,468,359,359
104,1,2,1.5,-0.398319,-0.338655,0.059664,237,226,237,212
105,1,2,3.0,-0.399065,-0.27757,0.121495,427,297,427,297
98,1,2,2.25,-0.395,-0.24875,0.14625,316,199,316,199
99,1,4,1.375,-0.278514,-0.238919,0.039595,580,575,543,499
62,1,3,3.0,-0.399209,-0.271711,0.127498,1009,860,1009,761
63,1,3,1.667,-0.319535,-0.222674,0.09686,694,694,690,571
56,1,3,3.0,-0.4,-0.243172,0.156828,908,552,908,552
57,1,3,2.5,-0.377828,-0.308597,0.069231,428,369,422,353
116,1,4,1.375,-0.391551,-0.372657,0.018894,639,617,638,611
117,1,2,1.0,-0.320455,-0.320455,0.0,44,44,39,39
120,1,2,1.25,-0.37788,-0.37788,0.0,205,205,205,205
121,1,2,1.5,-0.377419,-0.319355,0.058065,234,198,234,198
24,1,3,2.167,-0.396132,-0.283172,0.112959,512,366,512,366
25,1,4,3.0,-0.376,-0.26296,0.11304,1175,939,1175,872
96,1,2,3.0,-0.391346,-0.285577,0.105769,407,297,407,297
97,1,4,2.0,-0.397951,-0.309731,0.08822,777,659,777,628
86,1,3,2.167,-0.391028,-0.210841,0.180187,523,282,523,282
87,1,4,2.0,-0.4,-0.365337,0.034663,727,664,727,664
106,1,3,3.0,-0.381347,-0.298446,0.082902,552,432,552,432
107,1,2,3.0,-0.398742,-0.228931,0.169811,317,182,317,182
112,1,4,1.375,-0.352948,-0.114496,0.238452,727,646,722,410
113,1,2,1.5,-0.285161,-0.277419,0.007742,221,215,221,215
122,1,4,1.0,-0.223177,-0.223177,0.0,384,384,287,287
123,1,4,1.625,-0.320982,-0.311161,0.009821,391,380,373,362
114,1,2,2.5,-0.3625,-0.256944,0.105556,261,185,261,185
115,1,2,2.0,-0.369737,-0.292105,0.077632,281,222,281,222
110,1,4,2.125,-0.380502,-0.308419,0.072083,644,522,644,522
111,1,2,1.5,-0.395294,-0.379608,0.015686,252,242,252,242
102,1,3,1.833,-0.399437,-0.307736,0.091702,710,554,710,550
103,1,3,1.667,-0.4,-0.387965,0.012035,457,452,457,447
108,1,4,2.0,-0.377465,-0.297183,0.080282,804,654,804,642
109,1,2,1.5,-0.4,-0.269421,0.130579,484,326,484,326
146,1,4,1.75,-0.335593,-0.274576,0.061017,279,234,261,216
147,1,4,1.375,-0.279935,-0.279935,0.0,267,267,238,238
124,1,4,1.5,-0.4,-0.222144,0.177856,569,393,569,349
125,1,2,1.75,-0.361074,-0.123826,0.237248,269,248,269,159
132,1,3,2.5,-0.368571,-0.228857,0.139714,333,223,327,210
133,1,4,1.0,-0.229646,-0.229646,0.0,452,452,342,342
144,1,2,2.0,-0.394444,-0.37963,0.014815,213,205,213,205
145,1,4,1.875,-0.393913,-0.317391,0.076522,460,393,456,377
140,1,3,2.0,-0.362667,-0.188296,0.17437,612,519,612,404
141,1,2,1.0,-0.4,-0.4,0.0,152,152,152,152
142,1,3,3.0,-0.396894,-0.247981,0.148913,639,450,639,421
143,1,2,1.0,-0.111765,-0.111765,0.0,51,51,30,30
138,1,4,1.5,-0.381215,-0.293923,0.087293,690,581,690,553
139,1,3,2.5,-0.392818,-0.241436,0.151381,359,229,357,223
130,1,2,1.5,-0.4,-0.340458,0.059542,262,223,262,223
131,1,3,2.167,-0.383224,-0.147821,0.235403,883,558,881,433
118,1,4,2.0,-0.371875,-0.27125,0.100625,903,728,897,684
119,1,2,1.5,-0.311111,-0.311111,0.0,112,112,112,112
148,1,3,2.0,-0.383089,-0.183089,0.2,589,369,589,319
149,1,2,1.25,-0.4,-0.352558,0.047442,215,207,215,197
152,1,3,1.5,-0.355867,-0.183363,0.172504,508,435,508,336
153,1,4,1.75,-0.341602,-0.289922,0.05168,341,291,335,285
136,1,4,1.5,-0.387368,-0.335158,0.052211,460,398,460,398
137,1,4,1.875,-0.355192,-0.191827,0.163365,941,658,931,567
154,1,2,1.25,-0.396891,-0.359067,0.037824,383,385,383,363
155,1,2,1.5,-0.396875,-0.236979,0.159896,381,378,381,292
134,1,4,1.0,-0.158696,-0.158696,0.0,322,322,211,211
135,1,3,2.167,-0.380952,-0.331746,0.049206,480,418,480,418
164,1,2,2.0,-0.291589,-0.26729,0.024299,156,143,156,143
165,1,4,1.0,-0.182801,-0.182801,0.0,564,564,389,389
128,1,2,1.5,-0.372222,-0.335185,0.037037,201,181,201,181
129,1,4,2.625,-0.392939,-0.241041,0.151898,1113,737,1113,706
126,1,4,2.5,-0.394805,-0.268275,0.126531,1064,737,1064,729
127,1,4,2.25,-0.396885,-0.257397,0.139488,892,631,892,601
172,1,2,2.25,-0.395664,-0.293225,0.102439,365,281,365,275
173,1,4,1.5,-0.335385,-0.216923,0.118462,327,355,327,273
182,1,3,1.0,-0.143085,-0.143085,0.0,188,188,119,119
183,1,3,1.5,-0.335135,-0.314865,0.02027,248,233,248,233
174,1,3,1.5,-0.280303,-0.197475,0.082828,172,131,153,112
175,1,3,1.5,-0.30806,-0.130896,0.177164,516,508,516,343
158,1,3,2.333,-0.373964,-0.207929,0.166036,811,581,799,500
159,1,2,1.25,-0.386432,-0.386432,0.0,194,194,193,193
166,1,4,1.875,-0.375514,-0.214815,0.1607,465,338,460,294
167,1,2,3.0,-0.398039,-0.295098,0.102941,406,301,406,301
162,1,2,2.25,-0.34586,-0.212739,0.133121,543,334,543,334
163,1,2,1.25,-0.398113,-0.320755,0.077358,211,198,211,182
184,1,3,1.333,-0.396404,-0.318202,0.078202,441,354,441,354
185,1,2,3.0,-0.393994,-0.237838,0.156156,328,198,328,198
168,1,3,2.0,-0.397545,-0.20814,0.189406,771,450,770,423
169,1,3,1.5,-0.382353,-0.334118,0.048235,325,284,325,284
180,1,3,1.833,-0.363827,-0.217562,0.146265,694,576,694,484
181,1,4,1.0,-0.217131,-0.217131,0.0,467,467,345,345
192,1,3,2.167,-0.316279,-0.211628,0.104651,307,217,287,197
193,1,3,1.5,-0.279537,-0.279537,0.0,223,223,199,199
160,1,3,2.5,-0.395278,-0.13946,0.255818,586,373,586,278
161,1,3,1.5,-0.39204,-0.270978,0.121061,591,419,591,413
178,1,2,1.5,-0.328829,-0.277477,0.051351,365,308,365,308
179,1,3,1.5,-0.321128,-0.154742,0.166387,674,583,671,434
198,1,3,2.167,-0.284474,-0.198158,0.086316,328,246,295,213
199,1,4,1.375,-0.399235,-0.240344,0.158891,522,463,522,378
186,1,3,1.833,-0.32541,-0.281967,0.043443,397,344,397,344
187,1,2,1.5,-0.397721,-0.345299,0.052422,349,303,349,303
210,1,3,1.0,-0.4,-0.4,0.0,249,249,249,249
211,1,3,1.333,-0.378523,-0.327517,0.051007,282,244,282,244
176,1,3,2.0,-0.346803,-0.304859,0.041944,367,326,351,310
177,1,3,2.0,-0.389452,-0.26288,0.126572,480,324,480,324
188,1,4,1.625,-0.386957,-0.214229,0.172727,736,606,735,492
189,1,4,1.625,-0.22381,-0.173148,0.050661,752,714,564,493
156,1,4,2.375,-0.394516,-0.245244,0.149272,1151,775,1151,741
157,1,2,3.0,-0.4,-0.216248,0.183752,597,454,597,379
190,1,3,2.0,-0.375407,-0.299638,0.075769,519,444,519,427
191,1,2,2.0,-0.399209,-0.366008,0.033202,505,463,505,463
202,1,3,2.0,-0.372605,-0.323372,0.049234,488,422,487,422
203,1,3,1.833,-0.352066,-0.247934,0.104132,344,225,330,225
208,1,2,1.75,-0.303625,-0.154371,0.149254,356,328,356,244
209,1,4,1.625,-0.38453,-0.24337,0.14116,362,257,354,236
224,1,3,2.333,-0.174706,-0.007059,0.167647,118,73,93,33
225,1,2,1.25,-0.376889,-0.376889,0.0,212,212,212,212
194,1,4,2.0,-0.332746,-0.312775,0.019971,605,571,583,549
195,1,3,2.0,-0.373613,-0.353223,0.02039,623,589,623,589
220,1,2,1.0,-0.4,-0.4,0.0,201,201,201,201
221,1,3,1.667,-0.262642,-0.262642,0.0,223,223,195,195
196,1,2,1.0,-0.4,-0.4,0.0,147,147,147,147
197,1,3,3.0,-0.373167,-0.288924,0.084243,598,463,598,463
204,1,4,3.0,-0.354935,-0.14041,0.214525,960,881,956,593
205,1,3,2.333,-0.339556,-0.164889,0.174667,219,133,203,110
216,1,4,1.0,-0.21457,-0.21457,0.0,453,453,333,333
217,1,2,1.75,-0.383069,-0.349206,0.033862,362,330,362,330
150,1,4,2.375,-0.395705,-0.272483,0.123221,737,532,737,518
151,1,4,2.0,-0.398969,-0.320619,0.078351,774,622,774,622
214,1,3,2.0,-0.342384,-0.284989,0.057395,393,328,390,325
215,1,4,2.0,-0.366134,-0.258147,0.107987,573,516,573,452
212,1,2,2.0,-0.3,-0.269091,0.030909,165,148,165,148
213,1,3,1.833,-0.399376,-0.358346,0.04103,640,576,640,575
170,1,3,2.333,-0.38642,-0.347068,0.039352,626,564,626,563
171,1,4,2.0,-0.384772,-0.344162,0.040609,758,678,758,678
222,1,3,1.5,-0.359322,-0.258333,0.100989,636,480,636,467
223,1,4,1.0,-0.4,-0.4,0.0,412,412,412,412
206,1,3,3.0,-0.384652,-0.318345,0.066307,802,704,802,681
207,1,2,1.5,-0.345645,-0.240592,0.105052,496,396,496,367
226,1,3,1.667,-0.366019,-0.34466,0.021359,377,362,377,358
227,1,3,2.0,-0.379825,-0.115789,0.264035,866,530,866,378
236,1,2,1.25,-0.319024,-0.316098,0.002927,327,324,327,324
237,1,2,1.75,-0.396522,-0.327826,0.068696,456,377,456,377
228,1,4,2.0,-0.385041,-0.334221,0.05082,482,434,475,419
229,1,4,2.25,-0.378075,-0.300535,0.07754,539,439,534,429
240,1,2,2.0,-0.36962,-0.349367,0.020253,292,276,292,276
241,1,4,1.5,-0.384458,-0.351738,0.03272,470,430,470,430
246,1,3,1.5,-0.338569,-0.223037,0.115532,485,386,485,348
247,1,2,2.25,-0.343697,-0.165546,0.178151,104,51,103,50
242,1,2,2.0,-0.366871,-0.250307,0.116564,299,204,299,204
243,1,4,1.5,-0.340097,-0.205636,0.134461,528,503,528,398
248,1,3,1.833,-0.395789,-0.34,0.055789,376,323,376,323
249,1,4,1.625,-0.383391,-0.339792,0.043599,554,505,554,497
244,1,2,1.75,-0.378947,-0.29614,0.082807,270,211,270,211
245,1,2,1.25,-0.335622,-0.334764,0.000858,391,390,391,390
252,1,2,1.5,-0.4,-0.343083,0.056917,253,217,253,217
253,1,2,2.0,-0.334161,-0.159317,0.174845,269,228,269,171
232,1,3,1.0,-0.287307,-0.287307,0.0,323,323,271,271
233,1,4,2.0,-0.389256,-0.278926,0.110331,942,675,942,675
230,1,4,1.5,-0.332468,-0.257143,0.075325,704,681,704,603
231,1,4,1.375,-0.396273,-0.336102,0.06017,939,831,934,807
254,1,2,3.0,-0.4,-0.33913,0.06087,414,351,414,351
255,1,3,1.333,-0.385185,-0.385185,0.0,390,390,390,390
274,1,4,2.0,-0.328056,-0.181505,0.146552,532,545,527,399
275,1,2,1.0,-0.21635,-0.21635,0.0,263,263,194,194
262,1,3,1.333,-0.4,-0.370201,0.029799,349,323,349,323
263,1,3,1.667,-0.308712,-0.307197,0.001515,223,222,212,211
238,1,3,2.667,-0.395233,-0.332828,0.062405,912,768,912,768
239,1,3,2.0,-0.39607,-0.318632,0.077438,682,577,681,560
266,1,2,1.75,-0.376712,-0.356164,0.020548,275,260,275,260
267,1,2,1.0,-0.4,-0.4,0.0,199,199,199,199
250,1,3,2.167,-0.395369,-0.351375,0.043994,683,607,683,607
251,1,2,2.0,-0.372197,-0.32287,0.049327,415,360,415,360
200,1,3,2.0,-0.396552,-0.274138,0.122414,690,477,690,477
201,1,4,3.0,-0.389031,-0.231444,0.157587,1064,633,1064,633
218,1,4,3.0,-0.398818,-0.343645,0.055172,1012,872,1012,872
219,1,2,2.25,-0.305085,-0.247458,0.057627,270,219,270,219
272,1,3,1.5,-0.288809,-0.261733,0.027076,400,394,400,376
273,1,2,1.5,-0.365217,-0.330435,0.034783,147,133,147,133
276,1,3,1.0,-0.290625,-0.290625,0.0,128,128,108,108
277,1,4,2.25,-0.372807,-0.333882,0.038925,850,791,850,774
256,1,4,1.625,-0.4,-0.223096,0.176904,801,627,801,524
257,1,2,1.5,-0.392053,-0.372185,0.019868,296,281,296,281
258,1,4,1.75,-0.366917,-0.205113,0.161805,617,558,613,434
259,1,4,1.625,-0.392866,-0.344459,0.048408,771,739,771,703
284,1,2,1.5,-0.39883,-0.328655,0.070175,341,281,341,281
285,1,2,1.0,-0.05,-0.05,0.0,344,344,172,172
260,1,3,2.333,-0.4,-0.260345,0.139655,696,453,696,453
261,1,3,2.667,-0.396923,-0.263462,0.133462,516,367,516,353
286,1,3,2.167,-0.362975,-0.289873,0.073101,292,236,289,232
287,1,2,2.0,-0.4,-0.336419,0.063581,497,418,497,418
280,1,3,2.333,-0.321924,-0.220805,0.101119,372,259,365,252
281,1,4,3.0,-0.386768,-0.307379,0.079389,760,702,760,646
292,1,4,1.75,-0.389937,-0.256604,0.133333,620,415,620,411
293,1,3,1.833,-0.365043,-0.359312,0.005731,637,627,637,627
294,1,3,1.0,-0.4,-0.4,0.0,336,336,336,336
295,1,2,1.5,-0.396047,-0.271344,0.124704,501,352,501,347
282,1,4,1.875,-0.385549,-0.290751,0.094798,667,503,667,503
283,1,4,1.875,-0.323308,-0.304637,0.018672,645,620,645,613
278,1,2,2.0,-0.39919,-0.308502,0.090688,493,423,493,399
279,1,4,2.125,-0.398464,-0.238156,0.160307,778,612,778,528
270,1,4,1.5,-0.362213,-0.279622,0.082591,671,630,671,566
271,1,4,3.0,-0.389536,-0.234958,0.154578,819,501,819,497
296,1,3,2.0,-0.384571,-0.268857,0.115714,347,258,341,245
297,1,2,1.25,-0.398625,-0.290034,0.108591,290,211,290,211
310,1,3,1.0,0.053112,0.053112,0.0,241,241,85,85
311,1,3,2.0,-0.346614,-0.337849,0.008765,435,424,435,424
288,1,4,2.0,-0.386981,-0.254209,0.132772,862,785,862,660
289,1,2,1.5,-0.4,-0.330182,0.069818,275,227,275,227
234,1,4,3.0,-0.399205,-0.264016,0.135189,1004,664,1004,664
235,1,3,3.0,-0.381687,-0.297325,0.084362,483,405,472,380
308,1,4,1.5,-0.39567,-0.253992,0.141678,731,569,731,512
309,1,2,2.0,-0.32439,-0.035366,0.289024,266,232,266,116
268,1,2,3.0,-0.399398,-0.355489,0.04391,664,591,664,591
269,1,4,3.0,-0.384929,-0.220213,0.164716,562,356,551,330
312,1,4,1.0,-0.4,-0.4,0.0,416,416,416,416
313,1,4,1.5,-0.391141,-0.337649,0.053492,574,499,574,497
314,1,3,1.0,-0.4,-0.4,0.0,313,313,313,313
315,1,4,1.875,-0.365742,-0.238173,0.127569,578,491,568,419
264,1,2,2.5,-0.4,-0.238997,0.161003,618,378,618,373
265,1,4,1.875,-0.375167,-0.223496,0.151671,982,683,982,627
298,1,3,3.0,-0.39763,-0.21564,0.181991,839,455,839,455
299,1,2,1.0,-0.4,-0.4,0.0,108,108,108,108
322,1,2,2.0,-0.340741,-0.255556,0.085185,184,138,184,138
323,1,3,1.333,-0.321478,-0.287298,0.03418,348,311,348,311
290,1,3,3.0,-0.371556,-0.307334,0.064222,939,931,938,842
291,1,4,3.0,-0.382815,-0.20585,0.176965,541,313,531,295
320,1,2,2.0,-0.398883,-0.265922,0.132961,357,238,357,238
321,1,2,2.0,-0.385149,-0.138614,0.246535,99,49,98,41
316,1,2,1.5,-0.290123,-0.267901,0.022222,235,217,235,217
317,1,4,1.5,-0.350957,-0.147979,0.202979,858,773,839,530
328,1,2,1.5,-0.117241,-0.117241,0.0,57,57,39,39
329,1,4,1.875,-0.398625,-0.367698,0.030928,580,535,580,535
326,1,2,1.25,-0.367089,-0.367089,0.0,145,145,145,145
327,1,2,1.5,-0.4,-0.360452,0.039548,354,319,354,319
306,1,3,1.833,-0.399353,-0.328803,0.07055,617,515,617,511
307,1,3,2.333,-0.398675,-0.290066,0.108609,602,438,602,438
332,1,3,1.5,-0.326904,-0.300508,0.026396,364,338,340,314
333,1,2,1.5,-0.38534,-0.38534,0.0,184,184,184,184
300,1,2,2.25,-0.393014,-0.390419,0.002595,501,489,496,489
301,1,2,2.0,-0.370048,-0.32657,0.043478,383,338,383,338
302,1,4,2.0,-0.345298,-0.251631,0.093666,952,701,922,675
303,1,3,1.833,-0.381595,-0.236196,0.145399,622,385,622,385
304,1,3,2.333,-0.399026,-0.372107,0.026918,819,783,819,772
305,1,3,2.167,-0.333106,-0.306485,0.026621,488,449,488,449
352,1,3,1.0,-0.356667,-0.356667,0.0,210,210,197,197
353,1,2,2.5,-0.308029,-0.10146,0.206569,109,54,107,43
346,1,2,1.5,-0.398895,-0.369061,0.029834,361,334,361,334
347,1,3,1.5,-0.362791,-0.362791,0.0,273,273,273,273
350,1,2,3.0,-0.397386,-0.240523,0.156863,304,184,304,184
351,1,4,1.0,-0.148054,-0.148054,0.0,514,514,329,329
360,1,3,1.667,-0.362983,-0.212155,0.150829,180,131,171,111
361,1,2,1.5,-0.380583,-0.274434,0.106149,294,212,294,212
324,1,3,1.667,-0.352405,-0.267869,0.084536,581,458,542,419
325,1,3,1.333,-0.4,-0.355833,0.044167,480,427,480,427
330,1,4,2.125,-0.385732,-0.290446,0.095287,757,570,757,570
331,1,2,2.0,-0.372775,-0.300524,0.072251,356,287,356,287
366,1,3,2.0,-0.19021,0.011888,0.202098,117,71,89,28
367,1,4,1.125,-0.366995,-0.282759,0.084236,606,595,579,501
338,1,4,1.375,-0.355452,-0.342459,0.012993,383,369,383,369
339,1,2,3.0,-0.4,-0.206632,0.193368,573,296,573,296
370,1,2,1.0,-0.4,-0.4,0.0,200,200,200,200
371,1,2,1.0,-0.05,-0.05,0.0,54,54,27,27
344,1,4,2.0,-0.37118,-0.263354,0.107826,747,530,747,530
345,1,4,1.375,-0.390892,-0.349526,0.041366,515,485,515,471
354,1,2,3.0,-0.389882,-0.198988,0.190894,578,435,578,355
355,1,2,1.5,-0.4,-0.277333,0.122667,450,312,450,312
362,1,2,1.5,-0.333485,-0.273349,0.060137,366,300,366,300
363,1,2,2.5,-0.361905,-0.253968,0.107937,285,200,285,200
348,1,2,3.0,-0.394118,-0.273529,0.120588,402,279,402,279
349,1,2,2.0,-0.4,-0.25,0.15,518,357,518,338
336,1,2,3.0,-0.399324,-0.365541,0.033784,591,541,591,541
337,1,3,2.0,-0.38778,-0.320978,0.066802,476,394,476,394
374,1,3,1.0,-0.098039,-0.098039,0.0,306,306,174,174
375,1,4,2.0,-0.346006,-0.169835,0.176171,628,464,628,375
364,1,2,1.0,-0.4,-0.4,0.0,323,323,323,323
365,1,4,2.0,-0.381883,-0.290584,0.091299,801,634,801,620
368,1,2,1.5,-0.385,-0.26875,0.11625,308,215,308,215
369,1,2,1.5,-0.396601,-0.352691,0.043909,350,348,350,327
376,1,2,1.5,-0.077465,-0.077465,0.0,47,47,28,28
377,1,4,1.625,-0.398404,-0.265293,0.133112,749,651,749,564
318,1,3,3.0,-0.398091,-0.323389,0.074702,834,702,834,688
319,1,2,3.0,-0.4,-0.313086,0.086914,405,317,405,317
384,1,3,1.667,-0.398582,-0.334752,0.06383,281,236,281,236
385,1,2,2.0,-0.364848,-0.165152,0.199697,301,243,301,182
382,1,2,1.75,-0.369435,-0.273754,0.095681,278,206,278,206
383,1,3,2.0,-0.339459,-0.241081,0.098378,314,223,314,223
340,1,2,1.5,-0.317647,-0.317647,0.0,108,108,108,108
341,1,4,3.0,-0.398808,-0.304171,0.094638,1004,862,1004,807
372,1,2,1.0,-0.4,-0.4,0.0,327,327,327,327
373,1,2,2.0,-0.393373,-0.25994,0.133434,653,554,653,484
342,1,3,3.0,-0.397852,-0.243758,0.154094,741,454,741,454
343,1,3,1.5,-0.398049,-0.378537,0.019512,408,388,408,388
388,1,2,1.0,-0.4,-0.4,0.0,272,272,272,272
389,1,2,3.0,-0.389941,-0.223669,0.166272,659,532,659,444
386,1,3,1.0,-0.195204,-0.195204,0.0,417,417,295,295
387,1,4,2.0,-0.376533,-0.182933,0.1936,706,539,706,427
358,1,3,3.0,-0.37686,-0.179575,0.197285,798,697,798,516
359,1,4,2.5,-0.384981,-0.298999,0.085982,769,613,769,604
390,1,4,1.5,-0.383099,-0.210016,0.173083,612,528,612,418
391,1,4,1.0,0.037627,0.037627,0.0,691,691,259,259
334,1,4,2.125,-0.393544,-0.318636,0.074909,813,654,810,654
335,1,4,3.0,-0.393015,-0.287684,0.105331,1069,807,1069,793
380,1,2,2.25,-0.399263,-0.339963,0.0593,542,472,542,466
381,1,4,1.0,-0.129614,-0.129614,0.0,466,466,286,286
394,1,2,3.0,-0.398646,-0.284941,0.113706,589,421,589,421
395,1,2,1.0,-0.4,-0.4,0.0,139,139,139,139
378,1,3,2.0,-0.4,-0.286575,0.113425,797,571,797,571
379,1,3,3.0,-0.4,-0.262704,0.137296,917,604,917,603
396,1,2,2.25,-0.376978,-0.266187,0.110791,262,185,262,185
397,1,4,3.0,-0.381081,-0.210023,0.171059,846,545,846,500
398,1,3,3.0,-0.398808,-0.327706,0.071102,1004,825,1004,825
399,1,2,1.75,-0.39914,-0.307527,0.091613,464,389,464,371
392,1,4,3.0,-0.398118,-0.249187,0.148931,1167,870,1165,789
393,1,3,1.333,-0.331174,-0.331174,0.0,409,409,409,409
356,1,4,2.625,-0.4,-0.276416,0.123584,1183,1066,1183,924
357,1,3,1.833,-0.398646,-0.337056,0.061591,589,498,589,498
